timestamp,frame_id,speed_limit_kmh,confidence,bbox_x1,bbox_y1,bbox_x2,bbox_y2,ocr_raw,vehicle_id,vehicle_speed_kmh,is_violation
2026-04-22T01:03:41.629577,74,,0.6179,236,313,257,333,,,,False
2026-04-22T01:03:42.753527,76,,0.5504,324,323,348,351,,,,False
2026-04-22T01:03:46.033936,84,,0.6255,256,313,274,334,,,,False
2026-04-22T01:03:48.458228,90,,0.623,269,313,287,335,,,,False
2026-04-22T01:03:49.554355,92,,0.7412,270,313,290,335,,,,False
2026-04-22T01:03:53.677259,104,,0.5994,289,306,308,329,,,,False
2026-04-22T01:04:03.817856,136,,0.6046,253,274,274,294,,,,False
2026-04-22T01:04:04.927070,138,,0.6371,256,274,275,294,,,,False
2026-04-22T01:04:11.613320,158,,0.6044,288,265,306,289,,,,False
2026-04-22T01:04:21.379316,190,,0.5741,336,259,355,283,,,,False
2026-04-22T01:04:23.723927,196,,0.5632,643,256,666,289,,,,False
2026-04-22T01:04:26.822331,204,,0.5885,657,256,682,290,,,,False
2026-04-22T01:04:27.848148,206,,0.6704,660,259,683,290,,,,False
2026-04-22T01:04:35.862899,232,,0.5074,168,245,189,266,,,,False
2026-04-22T01:05:04.723900,314,,0.5128,641,259,665,291,,,,False
2026-04-22T01:05:05.786951,316,,0.6688,643,259,667,289,,,,False
2026-04-22T01:05:16.634796,348,,0.5595,673,254,699,290,,,,False
2026-04-22T01:06:03.782840,482,,0.5449,431,243,455,263,,,,False
2026-04-22T01:06:05.658622,486,,0.5174,439,245,462,267,,,,False
2026-04-22T01:06:17.582833,516,,0.5124,168,270,190,295,,,,False
2026-04-22T01:06:18.744269,518,,0.5162,168,270,191,295,,,,False
2026-04-22T01:06:30.374615,548,,0.5203,503,249,523,271,,,,False
2026-04-22T01:07:00.079019,646,,0.5184,1227,233,1279,319,,,,False
2026-04-22T01:07:10.824042,686,,0.5497,606,267,633,291,,,,False
2026-04-22T01:07:11.845241,688,,0.5538,608,266,633,289,,,,False
2026-04-22T01:07:23.852551,730,,0.5429,1225,224,1279,310,,,,False
2026-04-22T01:07:41.439800,798,,0.5361,781,237,808,263,,,,False
2026-04-22T01:07:42.495549,800,,0.5507,785,237,809,262,,,,False
2026-04-22T01:08:24.445833,960,,0.682,1054,206,1078,229,,,,False
2026-04-22T01:08:26.511732,966,,0.65,1068,204,1095,229,,,,False
2026-04-22T01:08:27.961371,968,,0.6681,1071,203,1098,228,,,,False
2026-04-22T01:08:28.944164,970,,0.568,1079,204,1102,228,,,,False
2026-04-22T01:08:33.109373,982,,0.7575,1101,198,1128,223,,,,False
2026-04-22T01:08:34.225659,984,,0.7928,1102,196,1130,223,,,,False
2026-04-22T01:08:35.158559,986,,0.6678,1110,196,1135,221,,,,False
2026-04-22T01:08:36.774359,990,,0.7126,1116,197,1142,221,,,,False
2026-04-22T01:08:37.775055,992,,0.7195,1118,196,1145,222,,,,False
2026-04-22T01:08:38.843171,994,,0.6899,1123,196,1148,221,,,,False
2026-04-22T01:08:40.474715,998,,0.7281,1131,198,1158,224,,,,False
2026-04-22T01:08:41.510778,1000,,0.6093,1134,198,1161,225,,,,False
2026-04-22T01:08:44.188347,1008,,0.5556,1150,204,1177,229,,,,False
2026-04-22T01:08:45.195185,1010,,0.6448,1154,206,1178,230,,,,False
2026-04-22T01:08:47.100107,1014,,0.6474,1164,211,1191,235,,,,False
2026-04-22T01:08:48.149841,1016,,0.6806,1165,210,1194,237,,,,False
2026-04-22T01:08:49.204312,1018,,0.717,1169,213,1195,240,,,,False
2026-04-22T01:08:52.467402,1026,,0.5722,1187,220,1211,245,,,,False
2026-04-22T01:08:53.851835,1030,,0.599,1196,223,1222,246,,,,False
2026-04-22T01:08:55.250978,1034,,0.5071,1201,222,1227,247,,,,False
2026-04-22T01:08:58.282905,1042,,0.5907,1219,230,1242,256,,,,False
2026-04-22T01:11:42.071651,1502,,0.6049,892,330,916,368,,,,False
2026-04-22T01:12:18.220928,1598,,0.5688,596,374,622,402,,,,False
2026-04-22T01:12:19.351997,1600,,0.5695,593,377,616,404,,,,False
2026-04-22T01:12:38.628154,1644,,0.6293,1063,330,1096,376,,,,False
2026-04-22T01:12:40.122727,1646,,0.6025,1066,330,1097,375,,,,False
2026-04-22T01:12:54.186645,1664,,0.7269,1112,329,1144,376,,,,False
2026-04-22T01:13:15.675505,1716,,0.6955,1250,307,1279,363,,,,False
2026-04-22T01:13:16.884317,1718,,0.5644,1255,298,1280,363,,,,False
2026-04-22T01:13:28.630915,1740,,0.533,1098,330,1126,368,,,,False
2026-04-22T01:13:41.178061,1764,,0.7004,1242,326,1279,377,,,,False
2026-04-22T01:13:43.353958,1766,,0.5366,1247,327,1280,378,,,,False
2026-04-22T01:13:44.624312,1768,,0.7263,1253,327,1280,378,,,,False
2026-04-22T01:13:46.425650,1772,,0.5005,855,344,878,368,,,,False
2026-04-22T01:13:51.464278,1786,,0.5671,871,343,895,367,,,,False
2026-04-22T01:14:08.304596,1812,,0.5357,1248,339,1279,385,,,,False
2026-04-22T01:14:16.926594,1836,,0.6006,923,341,947,368,,,,False
2026-04-22T01:14:20.395097,1846,,0.6116,935,338,958,364,,,,False
2026-04-22T01:14:21.300381,1848,,0.6419,936,337,961,363,,,,False
2026-04-22T01:14:22.207910,1850,,0.5767,939,336,964,362,,,,False
2026-04-22T01:14:23.126863,1852,,0.6788,939,331,965,361,,,,False
2026-04-22T01:14:24.067767,1854,,0.7198,941,332,969,362,,,,False
2026-04-22T01:14:25.004884,1856,,0.7289,943,333,971,361,,,,False
2026-04-22T01:14:26.007237,1858,,0.641,948,334,972,360,,,,False
2026-04-22T01:14:26.942703,1860,,0.735,949,331,974,358,,,,False
2026-04-22T01:14:27.867276,1862,,0.8067,949,328,976,356,,,,False
2026-04-22T01:14:28.799430,1864,,0.7883,952,328,977,356,,,,False
2026-04-22T01:14:29.786075,1866,,0.7252,1248,331,1280,376,7,,,False
2026-04-22T01:14:30.020928,1866,,0.5354,956,329,978,355,,,,False
2026-04-22T01:14:30.956772,1868,,0.7269,1252,330,1280,373,,,,False
2026-04-22T01:14:31.307410,1868,,0.6734,956,329,980,355,,,,False
2026-04-22T01:14:32.223352,1870,,0.7953,956,329,981,355,,,,False
2026-04-22T01:14:32.488941,1870,,0.7312,1256,329,1280,374,,,,False
2026-04-22T01:14:33.504859,1872,,0.8117,956,328,982,356,,,,False
2026-04-22T01:14:33.739557,1872,,0.6817,1257,327,1280,375,,,,False
2026-04-22T01:14:34.723824,1874,,0.789,958,327,985,355,,,,False
2026-04-22T01:14:35.020597,1874,,0.6236,1260,323,1279,371,,,,False
2026-04-22T01:14:36.301858,1876,,0.6315,962,327,985,354,,,,False
2026-04-22T01:14:36.550992,1876,,0.5941,1263,325,1279,370,,,,False
2026-04-22T01:14:43.011155,1882,,0.619,966,323,990,349,,,,False
2026-04-22T01:14:43.879982,1884,,0.5342,967,323,991,349,,,,False
2026-04-22T01:14:46.426902,1892,,0.6082,971,317,995,346,,,,False
2026-04-22T01:14:47.520175,1894,,0.5867,972,318,996,345,,,,False
2026-04-22T01:14:48.595404,1896,,0.5233,1194,329,1222,365,,,,False
2026-04-22T01:14:49.495980,1898,,0.6239,973,318,999,344,,,,False
2026-04-22T01:14:50.472683,1900,,0.7575,974,317,1000,344,,,,False
2026-04-22T01:14:51.364515,1902,,0.7356,975,316,1001,343,,,,False
2026-04-22T01:14:52.286219,1904,,0.7331,977,314,1002,341,,,,False
2026-04-22T01:14:53.191461,1906,,0.6563,979,312,1003,338,,,,False
2026-04-22T01:14:54.052151,1908,,0.7108,980,312,1003,338,,,,False
2026-04-22T01:14:58.894183,1910,,0.7295,979,310,1004,337,,,,False
2026-04-22T01:14:59.723424,1912,,0.518,981,308,1005,335,,,,False
2026-04-22T01:15:01.175781,1916,,0.5388,982,306,1005,330,,,,False
2026-04-22T01:15:02.480742,1920,,0.7276,982,302,1007,327,,,,False
2026-04-22T01:15:03.316337,1922,,0.7083,982,300,1008,327,,,,False
2026-04-22T01:15:04.145222,1924,,0.7092,983,298,1009,325,,,,False
2026-04-22T01:15:05.034630,1926,,0.7288,984,297,1010,323,,,,False
2026-04-22T01:15:05.831885,1928,,0.6835,986,297,1010,322,,,,False
2026-04-22T01:15:06.689382,1930,,0.6733,987,296,1010,321,,,,False
2026-04-22T01:15:07.534718,1932,,0.7502,987,296,1012,320,,,,False
2026-04-22T01:15:08.411531,1934,,0.7853,987,295,1013,321,,,,False
2026-04-22T01:15:09.299042,1936,,0.7629,987,294,1012,319,,,,False
2026-04-22T01:15:10.177015,1938,,0.7704,987,293,1013,318,,,,False
2026-04-22T01:15:11.035415,1940,,0.6822,987,293,1012,318,,,,False
2026-04-22T01:15:11.879512,1942,,0.7054,987,290,1012,316,,,,False
2026-04-22T01:15:12.741497,1944,,0.6758,988,291,1013,315,,,,False
2026-04-22T01:15:13.585436,1946,,0.741,988,288,1013,315,,,,False
2026-04-22T01:15:14.598020,1948,,0.7631,987,284,1014,313,,,,False
2026-04-22T01:15:14.960135,1948,,0.6983,1247,293,1278,338,,,,False
2026-04-22T01:15:15.878938,1950,,0.735,989,285,1015,312,,,,False
2026-04-22T01:15:16.801762,1952,,0.729,990,286,1017,312,,,,False
2026-04-22T01:15:18.678770,1954,,0.7017,990,284,1017,311,,,,False
2026-04-22T01:15:19.558603,1956,,0.7487,991,283,1018,310,,,,False
2026-04-22T01:15:20.442261,1958,,0.7942,991,282,1018,312,,,,False
2026-04-22T01:15:21.302078,1960,,0.7881,992,282,1018,311,,,,False
2026-04-22T01:15:22.239449,1962,,0.805,992,282,1019,312,,,,False
2026-04-22T01:15:23.207023,1964,,0.831,992,281,1020,312,,,,False
2026-04-22T01:15:36.895668,1966,,0.8251,992,280,1019,311,,,,False
2026-04-22T01:15:37.770159,1968,,0.8023,993,279,1019,310,,,,False
2026-04-22T01:15:38.614061,1970,,0.8048,995,280,1022,309,,,,False
2026-04-22T01:15:39.461259,1972,,0.8235,996,280,1023,308,,,,False
2026-04-22T01:15:40.339684,1974,,0.844,997,280,1024,308,,,,False
2026-04-22T01:15:41.199248,1976,,0.8445,997,279,1024,307,,,,False
2026-04-22T01:15:42.066918,1978,,0.8265,999,278,1025,307,,,,False
2026-04-22T01:15:42.974862,1980,,0.832,1000,279,1026,305,,,,False
2026-04-22T01:15:48.801789,1982,,0.8558,1000,278,1027,304,,,,False
2026-04-22T01:15:49.598724,1984,,0.864,1001,277,1027,304,,,,False
2026-04-22T01:15:50.442716,1986,,0.8762,1002,277,1030,304,,,,False
2026-04-22T01:15:51.278708,1988,,0.8703,1003,276,1032,304,,,,False
2026-04-22T01:15:52.083177,1990,,0.8674,1005,276,1033,305,,,,False
2026-04-22T01:15:52.957495,1992,,0.8493,1006,277,1034,306,,,,False
2026-04-22T01:15:53.848867,1994,,0.804,1007,277,1035,307,,,,False
2026-04-22T01:15:54.831919,1996,,0.7687,1011,278,1036,305,,,,False
2026-04-22T01:15:55.785595,1998,,0.8045,1012,278,1037,305,,,,False
2026-04-22T01:15:56.676460,2000,,0.8301,1013,278,1039,305,,,,False
2026-04-22T01:15:57.503476,2002,,0.8325,1013,277,1039,305,,,,False
2026-04-22T01:15:58.331752,2004,,0.8474,1014,277,1040,305,,,,False
2026-04-22T01:15:59.144257,2006,,0.836,1014,277,1041,305,,,,False
2026-04-22T01:15:59.959340,2008,,0.8594,1015,277,1043,306,,,,False
2026-04-22T01:16:01.026464,2010,,0.8472,1016,278,1044,306,,,,False
2026-04-22T01:16:02.817252,2012,,0.8496,1016,278,1044,307,,,,False
2026-04-22T01:16:04.404487,2014,,0.8223,1018,279,1045,306,,,,False
2026-04-22T01:16:06.395077,2016,,0.8222,1019,280,1047,306,,,,False
2026-04-22T01:16:08.079861,2018,,0.8066,1020,280,1049,307,,,,False
2026-04-22T01:16:09.319020,2020,,0.8244,1020,280,1049,309,,,,False
2026-04-22T01:16:10.523882,2022,,0.8324,1021,280,1050,310,,,,False
2026-04-22T01:16:11.730942,2024,,0.8497,1022,280,1050,311,,,,False
2026-04-22T01:16:12.917845,2026,,0.8241,1023,281,1051,312,,,,False
2026-04-22T01:16:14.163819,2028,,0.7933,1023,282,1051,313,,,,False
2026-04-22T01:16:14.523590,2028,,0.646,1244,294,1279,339,,,,False
2026-04-22T01:16:15.817625,2030,,0.797,1024,282,1051,314,,,,False
2026-04-22T01:16:16.222188,2030,,0.6662,1246,294,1279,340,,,,False
2026-04-22T01:16:17.432505,2032,,0.8114,1024,282,1051,313,,,,False
2026-04-22T01:16:18.021188,2032,,0.5815,1249,295,1280,340,,,,False
2026-04-22T01:16:19.656416,2034,,0.7467,1025,284,1051,312,,,,False
2026-04-22T01:16:20.231682,2034,,0.6448,1251,295,1280,341,,,,False
2026-04-22T01:16:21.910552,2036,,0.7586,1025,285,1051,314,,,,False
2026-04-22T01:16:22.404973,2036,,0.7182,1253,297,1280,341,,,,False
2026-04-22T01:16:24.276139,2038,,0.7238,1025,286,1052,316,,,,False
2026-04-22T01:16:24.784847,2038,,0.7232,1255,297,1280,346,,,,False
2026-04-22T01:16:26.549245,2040,,0.7584,1025,287,1052,316,,,,False
2026-04-22T01:16:27.073679,2040,,0.5662,1256,297,1280,348,,,,False
2026-04-22T01:16:28.643646,2042,,0.7888,1028,288,1055,316,,,,False
2026-04-22T01:16:29.219905,2042,,0.5159,1257,297,1280,346,,,,False
2026-04-22T01:16:30.992280,2044,,0.7994,1029,288,1056,317,,,,False
2026-04-22T01:16:32.776312,2046,,0.81,1029,289,1056,318,,,,False
2026-04-22T01:16:34.480580,2048,,0.832,1029,289,1058,318,,,,False
2026-04-22T01:16:36.148066,2050,,0.8396,1029,290,1058,318,,,,False
2026-04-22T01:16:37.858258,2052,,0.8548,1030,290,1058,318,,,,False
2026-04-22T01:16:39.457970,2054,,0.8504,1030,291,1059,321,,,,False
2026-04-22T01:16:41.014623,2056,,0.8553,1029,292,1059,323,,,,False
2026-04-22T01:16:42.600232,2058,,0.8611,1029,293,1059,324,,,,False
2026-04-22T01:16:44.234960,2060,,0.8659,1030,294,1060,325,,,,False
2026-04-22T01:16:46.042406,2062,,0.8577,1031,295,1061,328,,,,False
2026-04-22T01:16:47.750052,2064,,0.8468,1031,297,1062,331,,,,False
2026-04-22T01:16:49.389412,2066,,0.837,1031,298,1062,332,,,,False
2026-04-22T01:16:51.088553,2068,,0.8134,1033,300,1061,331,,,,False
2026-04-22T01:16:54.025805,2070,,0.8566,1032,302,1061,332,,,,False
2026-04-22T01:16:55.468722,2072,,0.8614,1032,302,1062,332,,,,False
2026-04-22T01:16:56.755627,2074,,0.8583,1033,302,1062,332,,,,False
2026-04-22T01:16:57.996981,2076,,0.8514,1034,302,1063,331,,,,False
2026-04-22T01:16:59.256121,2078,,0.857,1035,301,1064,331,,,,False
2026-04-22T01:17:00.571329,2080,,0.8513,1035,301,1064,331,,,,False
2026-04-22T01:17:01.782966,2082,,0.8459,1035,300,1064,331,,,,False
2026-04-22T01:17:02.854532,2084,,0.8413,1036,300,1065,330,,,,False
2026-04-22T01:17:03.849543,2086,,0.8388,1037,300,1066,330,,,,False
2026-04-22T01:17:05.030259,2088,,0.8396,1037,300,1067,330,,,,False
2026-04-22T01:17:06.248792,2090,,0.8286,1037,299,1066,330,,,,False
2026-04-22T01:17:07.680260,2092,,0.8247,1038,299,1067,330,,,,False
2026-04-22T01:17:08.969263,2094,,0.8265,1038,299,1067,330,,,,False
2026-04-22T01:17:09.951174,2096,,0.8334,1038,299,1067,330,,,,False
2026-04-22T01:17:11.112427,2098,,0.8291,1037,300,1066,330,,,,False
2026-04-22T01:17:12.062032,2100,,0.8339,1038,300,1067,331,,,,False
2026-04-22T01:17:13.128090,2102,,0.8575,1037,301,1067,332,,,,False
2026-04-22T01:17:14.027951,2104,,0.8527,1037,302,1067,334,,,,False
2026-04-22T01:17:14.944247,2106,,0.8432,1037,304,1068,337,,,,False
2026-04-22T01:17:15.210795,2106,,0.6996,1104,337,1131,371,,,,False
2026-04-22T01:17:16.110452,2108,,0.8281,1037,306,1068,339,,,,False
2026-04-22T01:17:17.026787,2110,,0.8365,1033,307,1067,342,,,,False
2026-04-22T01:17:18.143011,2112,,0.815,1033,309,1067,344,,,,False
2026-04-22T01:17:19.059410,2114,,0.8075,1032,311,1067,345,,,,False
2026-04-22T01:17:20.008991,2116,,0.8152,1031,312,1065,346,,,,False
2026-04-22T01:17:20.875366,2118,,0.8348,1031,312,1064,348,,,,False
2026-04-22T01:17:21.791790,2120,,0.8421,1029,314,1063,349,,,,False
2026-04-22T01:17:22.707847,2122,,0.8375,1029,314,1062,350,,,,False
2026-04-22T01:17:23.606680,2124,,0.8373,1027,314,1061,349,,,,False
2026-04-22T01:17:24.532344,2126,,0.8456,1027,314,1061,350,,,,False
2026-04-22T01:17:24.807362,2126,,0.5002,1100,347,1126,381,,,,False
2026-04-22T01:17:25.706517,2128,,0.8345,1027,313,1061,349,,,,False
2026-04-22T01:17:26.056867,2128,,0.575,1100,346,1126,379,,,,False
2026-04-22T01:17:26.996700,2130,,0.8198,1027,312,1061,347,,,,False
2026-04-22T01:17:27.289650,2130,,0.552,1100,345,1126,380,,,,False
2026-04-22T01:17:28.272548,2132,,0.8204,1026,311,1061,347,,,,False
2026-04-22T01:17:28.572354,2132,,0.5553,1100,345,1127,380,,,,False
2026-04-22T01:17:29.488674,2134,,0.8295,1025,311,1060,348,,,,False
2026-04-22T01:17:29.805212,2134,,0.5248,1100,345,1126,380,,,,False
2026-04-22T01:17:30.754643,2136,,0.8556,1024,312,1060,349,,,,False
2026-04-22T01:17:31.654324,2138,,0.8492,1024,313,1058,350,,,,False
2026-04-22T01:17:32.520879,2140,,0.8703,1023,313,1056,351,,,,False
2026-04-22T01:17:33.437173,2142,,0.8764,1022,314,1056,352,,,,False
2026-04-22T01:17:34.353434,2144,,0.8669,1021,316,1055,352,,,,False
2026-04-22T01:17:35.403269,2146,,0.8467,1021,318,1054,353,,,,False
2026-04-22T01:17:36.685895,2148,,0.8504,1018,318,1053,355,,,,False
2026-04-22T01:17:37.585644,2150,,0.8416,1016,318,1052,358,,,,False
2026-04-22T01:17:38.485201,2152,,0.8461,1016,320,1052,360,,,,False
2026-04-22T01:17:39.385974,2154,,0.8263,1014,322,1052,361,,,,False
2026-04-22T01:17:40.267921,2156,,0.8471,1014,324,1049,362,,,,False
2026-04-22T01:17:41.184429,2158,,0.8479,1012,326,1049,364,,,,False
2026-04-22T01:17:42.171182,2160,,0.8515,1011,326,1047,364,0 4,,,False
2026-04-22T01:17:43.100267,2162,,0.8597,1010,326,1045,364,,,,False
2026-04-22T01:17:44.135372,2164,,0.8603,1008,324,1044,362,,,,False
2026-04-22T01:17:45.176162,2166,,0.869,1007,323,1042,362,,,,False
2026-04-22T01:17:46.155461,2168,,0.8594,1005,321,1041,361,,,,False
2026-04-22T01:17:47.065288,2170,,0.8604,1001,320,1037,360,,,,False
2026-04-22T01:17:47.948412,2172,,0.8539,1000,319,1038,359,,,,False
2026-04-22T01:17:48.981369,2174,,0.8579,999,319,1036,358,,,,False
2026-04-22T01:17:55.545396,2176,,0.8581,997,318,1034,355,,,,False
2026-04-22T01:17:56.461744,2178,,0.8611,994,317,1032,354,,,,False
2026-04-22T01:17:57.395104,2180,,0.8494,991,316,1030,355,,,,False
2026-04-22T01:17:58.300521,2182,,0.8733,989,315,1027,354,,,,False
2026-04-22T01:17:59.210641,2184,,0.8773,989,315,1026,354,,,,False
2026-04-22T01:18:00.110744,2186,,0.8577,984,314,1022,354,,,,False
2026-04-22T01:18:01.043334,2188,,0.868,983,314,1020,354,,,,False
2026-04-22T01:18:02.043161,2190,,0.8579,980,313,1019,353,,,,False
2026-04-22T01:18:03.298477,2192,,0.875,978,312,1017,352,,,,False
2026-04-22T01:18:04.525556,2194,,0.8731,975,311,1014,352,,,,False
2026-04-22T01:18:05.408437,2196,,0.887,973,310,1013,352,,,,False
2026-04-22T01:18:06.290396,2198,,0.8914,970,309,1010,350,,,,False
2026-04-22T01:18:07.157657,2200,,0.8771,967,307,1007,349,,,,False
2026-04-22T01:18:08.024050,2202,,0.8573,963,305,1005,348,,,,False
2026-04-22T01:18:08.889428,2204,,0.8452,962,304,1004,347,,,,False
2026-04-22T01:18:09.806839,2206,,0.8522,961,302,1002,346,,,,False
2026-04-22T01:18:10.706055,2208,,0.8541,958,302,999,346,,,,False
2026-04-22T01:18:11.689237,2210,,0.8495,956,301,996,346,,,,False
2026-04-22T01:18:12.605696,2212,,0.8593,953,300,994,343,,,,False
2026-04-22T01:18:13.555308,2214,,0.859,951,299,991,342,,,,False
2026-04-22T01:18:14.454999,2216,,0.8612,952,299,989,340,,,,False
2026-04-22T01:18:15.586880,2218,,0.855,950,297,988,339,,,,False
2026-04-22T01:18:16.554012,2220,,0.8406,946,296,985,337,,,,False
2026-04-22T01:18:17.552420,2222,,0.8803,943,295,983,336,,,,False
2026-04-22T01:18:18.521107,2224,,0.8957,940,294,981,336,,,,False
2026-04-22T01:18:19.470837,2226,,0.8755,938,292,979,334,,,,False
2026-04-22T01:18:20.389395,2228,,0.8749,936,291,977,333,,,,False
2026-04-22T01:18:21.354323,2230,,0.8408,933,289,973,332,,,,False
2026-04-22T01:18:22.438903,2232,,0.8545,931,288,972,331,,,,False
2026-04-22T01:18:23.518384,2234,,0.8389,927,286,970,330,,,,False
2026-04-22T01:18:24.917667,2236,,0.8328,925,285,968,330,,,,False
2026-04-22T01:18:25.900518,2238,,0.8742,922,283,966,328,,,,False
2026-04-22T01:18:26.949246,2240,,0.873,920,283,963,327,,,,False
2026-04-22T01:18:27.899831,2242,,0.8736,916,283,960,326,,,,False
2026-04-22T01:18:28.899504,2244,,0.8755,917,281,958,324,,,,False
2026-04-22T01:18:29.932193,2246,,0.8714,912,279,955,322,,,,False
2026-04-22T01:18:31.098828,2248,,0.8836,910,277,953,320,,,,False
2026-04-22T01:18:32.076396,2250,,0.8585,907,276,951,319,,,,False
2026-04-22T01:18:41.244580,2252,,0.8738,905,272,949,317,,,,False
2026-04-22T01:18:42.177612,2254,,0.8608,904,270,947,316,,,,False
2026-04-22T01:18:43.144088,2256,,0.8491,902,269,946,315,,,,False
2026-04-22T01:18:44.397971,2258,,0.8429,898,268,944,314,,,,False
2026-04-22T01:18:45.626050,2260,,0.8419,897,267,943,313,,,,False
2026-04-22T01:18:46.906252,2262,,0.8523,899,267,942,312,,,,False
2026-04-22T01:18:48.018350,2264,,0.8745,896,266,940,312,,,,False
2026-04-22T01:18:49.007388,2266,,0.8938,893,264,938,310,,,,False
2026-04-22T01:18:50.090438,2268,,0.8884,892,263,937,309,,,,False
2026-04-22T01:18:51.174406,2270,,0.8845,890,262,936,309,,,,False
2026-04-22T01:18:52.534731,2272,,0.8745,890,261,934,305,,,,False
2026-04-22T01:18:53.640232,2274,,0.8602,887,259,934,304,,,,False
2026-04-22T01:18:54.655256,2276,,0.8761,884,255,933,302,,,,False
2026-04-22T01:18:55.758136,2278,,0.8593,884,253,932,300,,,,False
2026-04-22T01:18:56.755465,2280,,0.8965,882,250,930,298,,,,False
2026-04-22T01:18:57.738859,2282,,0.8986,881,249,930,296,,,,False
2026-04-22T01:18:58.821894,2284,,0.8892,881,246,930,293,,,,False
2026-04-22T01:18:59.904722,2286,,0.8781,881,243,928,291,,,,False
2026-04-22T01:19:01.619982,2288,,0.8759,880,240,927,288,,,,False
2026-04-22T01:19:02.856818,2290,,0.8921,879,238,926,287,,,,False
2026-04-22T01:19:03.215466,2290,,0.5167,0,345,13,373,,,,False
2026-04-22T01:19:05.268154,2292,,0.8753,878,237,925,284,,,,False
2026-04-22T01:19:06.934771,2294,,0.8708,878,235,925,283,,,,False
2026-04-22T01:19:08.117693,2296,,0.8642,876,233,925,281,,,,False
2026-04-22T01:19:09.411664,2298,,0.8783,876,231,924,280,,,,False
2026-04-22T01:19:10.604071,2300,,0.8812,876,229,925,279,,,,False
2026-04-22T01:19:11.874794,2302,,0.876,874,227,924,276,,,,False
2026-04-22T01:19:13.265615,2304,,0.8756,874,225,923,274,,,,False
2026-04-22T01:19:14.631956,2306,,0.8813,874,222,923,272,,,,False
2026-04-22T01:19:15.948094,2308,,0.8892,875,222,923,271,,,,False
2026-04-22T01:19:17.368286,2310,,0.8591,874,221,922,270,,,,False
2026-04-22T01:19:18.949037,2312,,0.7972,875,218,921,269,,,,False
2026-04-22T01:20:02.839479,2426,,0.5036,990,159,1059,221,,,,False
2026-04-22T01:20:04.091093,2428,,0.8486,996,159,1064,224,,,,False
2026-04-22T01:20:05.474083,2430,,0.8718,998,158,1069,225,,,,False
2026-04-22T01:20:06.666651,2432,,0.8887,1002,158,1073,226,,,,False
2026-04-22T01:20:07.912296,2434,,0.89,1007,156,1077,228,,,,False
2026-04-22T01:20:09.177723,2436,,0.9074,1011,156,1082,228,,,,False
2026-04-22T01:20:10.409771,2438,,0.9075,1015,155,1088,227,,,,False
2026-04-22T01:20:11.660033,2440,,0.9251,1020,155,1092,227,,,,False
2026-04-22T01:20:13.128937,2442,,0.9281,1025,154,1097,227,,,,False
2026-04-22T01:20:14.409066,2444,,0.9198,1028,153,1104,227,,,,False
2026-04-22T01:20:15.625416,2446,,0.9271,1033,152,1108,226,,,,False
2026-04-22T01:20:16.942888,2448,,0.9171,1040,151,1114,227,,,,False
2026-04-22T01:20:18.291287,2450,,0.9168,1044,151,1120,226,,,,False
2026-04-22T01:20:19.502554,2452,,0.923,1049,149,1125,227,,,,False
2026-04-22T01:20:20.790896,2454,,0.9406,1055,147,1131,226,,,,False
2026-04-22T01:20:22.107001,2456,,0.9259,1059,148,1138,226,,,,False
2026-04-22T01:20:23.480994,2458,,0.9186,1065,146,1143,225,,,,False
2026-04-22T01:20:25.074239,2460,,0.9385,1071,145,1150,224,,,,False
2026-04-22T01:20:26.830883,2462,,0.9178,1074,145,1156,225,,,,False
2026-04-22T01:20:28.419109,2464,,0.922,1081,144,1161,224,,,,False
2026-04-22T01:20:30.223187,2466,,0.9332,1087,143,1168,223,,,,False
2026-04-22T01:20:32.613908,2468,,0.9048,1094,142,1175,222,,,,False
2026-04-22T01:20:34.722793,2470,,0.9173,1101,141,1181,221,,,,False
2026-04-22T01:20:36.670541,2472,,0.9053,1107,139,1189,220,,,,False
2026-04-22T01:20:38.590605,2474,,0.9302,1113,136,1196,218,,,,False
2026-04-22T01:20:40.162542,2476,,0.9157,1120,134,1203,218,,,,False
2026-04-22T01:20:41.713621,2478,,0.9311,1125,132,1210,217,,,,False
2026-04-22T01:20:43.274511,2480,,0.9456,1134,129,1220,216,,,,False
2026-04-22T01:20:44.881247,2482,,0.9215,1140,128,1226,215,,,,False
2026-04-22T01:20:46.178300,2484,,0.9368,1147,126,1236,212,,,,False
2026-04-22T01:20:47.297799,2486,,0.9177,1155,124,1242,209,,,,False
2026-04-22T01:20:48.481172,2488,,0.9001,1160,123,1251,209,,,,False
2026-04-22T01:20:49.762515,2490,,0.9109,1169,119,1258,208,,,,False
2026-04-22T01:20:50.850423,2492,,0.9201,1177,119,1268,207,,,,False
2026-04-22T01:20:52.053958,2494,,0.9248,1184,116,1276,206,,,,False
2026-04-22T01:20:53.281239,2496,,0.9403,1192,115,1278,204,,,,False
2026-04-22T01:20:54.518909,2498,,0.9063,1202,113,1279,205,,,,False
2026-04-22T01:20:55.636024,2500,,0.9302,1210,112,1279,205,,,,False
2026-04-22T01:20:56.764656,2502,,0.9035,1218,113,1279,204,,,,False
2026-04-22T01:20:57.905080,2504,,0.9032,1229,111,1280,204,6,,,False
2026-04-22T01:20:59.418937,2506,,0.8534,1235,111,1280,203,,,,False
2026-04-22T01:21:00.642385,2508,,0.8389,1250,109,1280,204,,,,False
2026-04-22T01:21:01.942154,2510,,0.7101,1259,109,1280,208,,,,False
2026-04-22T01:21:43.491629,2638,,0.5253,1227,265,1279,355,,,,False
2026-04-22T23:37:18.370105,1,,0.7331,0,0,885,720,,,,False
2026-04-22T23:37:18.721344,1,,0.6709,471,0,1280,720,,,,False
2026-04-22T23:41:11.835498,2,,0.7331,0,0,885,720,,,,False
2026-04-22T23:41:12.184936,2,,0.6709,471,0,1280,720,,,,False
2026-04-22T23:41:44.464711,3,,0.7331,0,0,885,720,,,,False
2026-04-22T23:41:44.856608,3,,0.6709,471,0,1280,720,,,,False
2026-04-22T23:41:55.411174,4,,0.7331,0,0,885,720,,,,False
2026-04-22T23:41:56.166901,4,,0.6709,471,0,1280,720,,,,False
2026-04-23T21:43:14.360324,48,,0.6073,473,356,555,434,,,,False
2026-04-23T21:43:15.513070,49,,0.9442,516,234,717,440,,,,False
2026-04-23T21:43:16.691026,50,,0.936,531,226,724,425,,,,False
2026-04-23T21:43:17.865817,51,,0.9475,501,171,723,403,,,,False
2026-04-23T21:43:19.115237,52,,0.9418,795,160,970,350,,,,False
2026-04-23T21:43:20.245233,53,,0.9384,415,386,509,484,,,,False
2026-04-23T21:43:22.113639,55,,0.9179,698,251,779,336,,,,False
2026-04-23T21:43:23.112078,56,,0.8985,413,419,479,482,,,,False
2026-04-23T21:43:24.100583,57,,0.8863,396,436,464,502,,,,False
2026-04-23T21:43:24.980990,58,,0.9117,398,432,469,500,,,,False
2026-04-23T21:43:26.326802,60,,0.8972,552,336,620,404,,,,False
2026-04-23T21:43:27.252409,61,,0.8979,556,340,625,408,,,,False
2026-04-23T21:43:28.144978,62,,0.9179,532,346,602,416,,,,False
2026-04-23T21:43:29.483797,64,,0.8999,309,420,380,489,,,,False
2026-04-23T21:43:30.386447,65,,0.9184,305,412,375,481,,,,False
2026-04-23T21:43:31.278073,66,,0.9193,311,388,384,461,,,,False
2026-04-23T21:43:32.293361,67,,0.9409,403,133,546,271,,,,False
2026-04-23T21:43:33.251884,68,,0.934,365,179,540,353,,,,False
2026-04-23T21:43:34.115282,69,,0.9398,435,183,605,351,,,,False
2026-04-23T21:43:35.037785,70,,0.9452,415,183,580,349,,,,False
2026-04-23T21:43:35.958619,71,,0.9412,409,190,577,356,,,,False
2026-04-23T21:43:36.910275,72,,0.9335,403,198,570,365,,,,False
2026-04-23T21:43:37.972677,73,,0.9388,485,68,786,371,,,,False
2026-04-23T21:43:39.107443,74,,0.9506,905,161,1110,419,,,,False
2026-04-23T21:43:40.047541,75,,0.9474,345,85,572,319,,,,False
2026-04-23T21:43:40.993055,76,,0.9466,374,121,591,343,,,,False
2026-04-23T21:43:41.982905,77,,0.938,389,170,578,362,,,,False
2026-04-23T21:44:32.726634,90,,0.9542,291,526,417,648,,,,False
2026-04-23T21:44:33.636803,91,,0.8655,425,378,525,475,,,,False
2026-04-23T21:44:34.488818,92,,0.8931,416,373,516,471,,,,False
2026-04-23T21:44:35.461539,93,,0.9164,402,370,504,470,,,,False
2026-04-23T21:44:36.378830,94,,0.912,360,374,460,471,,,,False
2026-04-23T21:44:37.285968,95,,0.8958,338,374,441,469,,,,False
2026-04-23T21:44:38.175111,96,,0.9343,347,369,446,466,,,,False
2026-04-23T21:44:39.205397,97,,0.9279,400,334,505,438,,,,False
2026-04-23T21:44:40.271644,98,,0.9041,448,328,555,431,,,,False
2026-04-23T21:44:41.194853,99,,0.9229,310,369,408,468,,,,False
2026-04-23T21:44:42.035539,100,,0.7277,322,388,422,472,,,,False
2026-04-23T21:44:42.885831,101,,0.9075,354,394,444,479,,,,False
2026-04-23T21:44:43.812631,102,,0.913,349,367,453,468,,,,False
2026-04-23T21:44:44.727127,103,,0.9254,347,372,483,507,,,,False
2026-04-23T21:44:45.720438,104,,0.9461,305,385,430,508,,,,False
2026-04-23T21:44:46.715848,105,,0.9641,311,384,433,505,,,,False
2026-04-23T21:44:47.583289,106,,0.9655,312,385,433,505,,,,False
2026-04-23T21:44:48.605156,107,,0.9581,308,385,429,504,,,,False
2026-04-23T21:44:49.667741,108,,0.9461,307,384,426,503,,,,False
2026-04-23T21:44:50.670554,109,,0.9155,303,385,422,507,,,,False
2026-04-23T21:44:53.548931,110,,0.9179,304,385,423,504,,,,False
2026-04-23T21:44:54.670815,111,,0.957,308,383,427,500,,,,False
2026-04-23T21:44:55.729685,112,,0.9233,339,367,454,479,,,,False
2026-04-23T21:44:56.716959,113,,0.912,399,334,515,450,,,,False
2026-04-23T21:44:57.694817,114,,0.9345,440,272,567,396,,,,False
2026-04-23T21:44:58.761097,115,,0.9241,403,222,552,366,,,,False
2026-04-23T21:44:59.793022,116,,0.9261,382,231,531,369,,,,False
2026-04-23T21:45:00.850405,117,,0.9284,378,237,519,377,,,,False
2026-04-23T21:45:01.926178,118,,0.9216,375,243,515,382,,,,False
2026-04-23T21:45:02.886533,119,,0.9286,370,244,508,381,,,,False
2026-04-23T21:45:03.779697,120,,0.9258,368,246,509,383,,,,False
2026-04-23T21:45:04.627548,121,,0.9163,376,245,512,382,,,,False
2026-04-23T21:45:05.628742,122,,0.9216,366,252,506,387,,,,False
2026-04-23T21:45:06.720185,123,,0.9237,362,254,499,388,,,,False
2026-04-23T21:45:07.693807,124,,0.9324,352,269,492,397,,,,False
2026-04-23T21:45:08.540861,125,,0.927,345,276,480,409,,,,False
2026-04-23T21:48:26.063081,273,,0.6513,575,462,600,491,,,,False
2026-04-23T21:48:32.076231,280,,0.7192,616,367,641,394,0,,,False
2026-04-23T21:48:33.737381,282,,0.9084,214,347,318,445,,,,False
2026-04-23T21:48:34.708443,283,,0.9114,330,267,448,382,,,,False
2026-04-23T21:48:36.012470,284,,0.9137,336,262,467,390,,,,False
2026-04-23T21:48:36.906259,285,,0.9186,332,278,457,399,,,,False
2026-04-23T21:48:38.716314,288,,0.6481,532,387,557,416,0,,,False
2026-04-23T21:48:39.581638,289,,0.8112,255,433,355,531,,,,False
2026-04-23T21:48:40.502534,290,,0.93,176,461,306,586,,,,False
2026-04-23T21:48:46.012667,299,,0.6978,118,460,151,491,,,,False
2026-04-23T21:48:47.700502,301,,0.7136,456,644,482,670,,,,False
2026-04-23T21:48:50.746700,305,,0.7884,182,566,212,593,,,,False
2026-04-23T21:48:51.842329,306,,0.9388,163,169,360,358,,,,False
2026-04-23T21:48:53.166878,307,,0.9393,258,83,419,241,,,,False
2026-04-23T21:48:54.566504,308,,0.9409,248,113,415,273,,,,False
2026-04-23T21:48:55.632484,309,,0.9359,265,92,433,260,,,,False
2026-04-23T21:48:56.750191,310,,0.9345,262,100,431,264,,,,False
2026-04-23T21:48:57.933393,311,,0.9385,269,93,438,259,,,,False
2026-04-23T21:48:59.130235,312,,0.9407,276,88,446,255,,,,False
2026-04-23T21:49:01.004266,314,,0.5773,534,600,562,628,,,,False
2026-04-23T21:49:06.814503,323,,0.5231,549,688,582,717,,,,False
2026-04-23T21:49:09.001417,325,,0.6441,303,514,328,536,,,,False
2026-04-23T21:49:10.892047,327,,0.9525,299,33,487,221,,,,False
2026-04-23T21:49:12.144334,328,,0.9435,370,0,537,170,,,,False
2026-04-23T21:49:13.322155,329,,0.9168,397,3,571,84,,,,False
2026-04-23T21:49:14.358666,330,,0.9114,400,2,570,95,,,,False
2026-04-23T21:49:15.567007,331,,0.9133,337,1,505,123,,,,False
2026-04-23T21:49:16.952309,332,,0.9364,342,0,511,135,,,,False
2026-04-23T21:49:19.663817,335,,0.7854,631,483,659,512,,,,False
2026-04-23T21:50:07.453413,353,,0.8312,399,439,484,525,,,,False
2026-04-23T21:50:07.989410,353,,0.5418,373,595,398,622,,,,False
2026-04-23T21:50:09.349181,354,,0.8701,353,258,433,336,,,,False
2026-04-23T21:50:10.702374,355,,0.7702,378,212,458,292,,,,False
2026-04-23T21:50:12.538326,356,,0.7852,372,214,450,292,,,,False
2026-04-23T21:50:15.219421,359,,0.6008,553,381,580,410,,,,False
2026-04-23T21:50:18.166112,362,,0.5016,446,653,474,678,,,,False
2026-04-23T21:50:24.315739,369,,0.5996,434,641,460,665,,,,False
2026-04-23T21:50:27.124214,372,,0.9495,223,108,373,253,,,,False
2026-04-23T21:50:29.330711,374,,0.62,201,461,227,487,,,,False
2026-04-23T21:50:32.538669,377,,0.9486,226,107,374,252,,,,False
2026-04-23T21:50:35.385820,383,,0.9469,230,108,374,249,,,,False
2026-04-23T21:50:36.900442,386,,0.9479,224,108,373,253,,,,False
2026-04-23T21:50:37.689626,387,,0.9223,217,125,361,265,,,,False
2026-04-23T21:50:39.346427,391,,0.9229,53,176,167,290,,,,False
2026-04-23T21:50:40.805685,394,,0.9485,226,107,376,252,,,,False
2026-04-23T21:50:42.838616,397,,0.9491,224,108,373,252,,,,False
2026-04-23T21:50:45.064935,402,,0.9472,224,108,374,253,,,,False
2026-04-23T21:50:47.442213,408,,0.7402,71,162,192,282,,,,False
2026-04-23T21:50:49.352539,411,,0.9531,231,105,377,250,,,,False
2026-04-23T21:50:52.437268,413,,0.9468,227,110,377,255,,,,False
2026-04-23T21:50:53.896373,414,,0.9477,230,108,375,249,,,,False
2026-04-23T21:50:54.934843,415,,0.9469,226,115,371,255,,,,False
2026-04-23T21:50:56.911659,417,,0.9496,226,103,375,249,,,,False
2026-04-23T21:50:58.018345,418,,0.9389,211,135,348,269,,,,False
2026-04-23T21:50:59.668430,421,,0.9531,220,107,372,253,,,,False
2026-04-23T21:51:02.291544,425,,0.9434,216,108,370,256,,,,False
2026-04-23T21:51:02.813740,425,,0.5255,99,380,152,432,,,,False
2026-04-23T21:51:03.782420,426,,0.948,224,108,373,252,,,,False
2026-04-23T21:51:04.996254,428,,0.9457,225,108,375,253,,,,False
2026-04-23T21:51:06.223730,430,,0.9428,227,110,376,254,,,,False
2026-04-24T20:55:05.073908,1,,0.8743,1,31,876,720,,,,False
2026-04-24T20:55:05.689907,1,,0.7817,460,10,1280,720,,,,False
2026-04-24T21:01:16.696958,1,,0.9397,508,104,725,261,,,,False
2026-04-24T21:43:18.740563,1,,0.9386,423,239,567,383,,,,False
2026-04-24T21:43:19.146850,1,,0.9366,426,244,576,392,,,,False
2026-04-24T21:43:19.639852,1,,0.9503,422,236,572,385,,,,False
2026-04-24T21:43:20.109401,1,,0.9452,418,236,569,384,,,,False
2026-04-24T21:43:21.512131,1,,0.9291,404,236,556,386,,,,False
2026-04-24T21:43:22.822033,1,,0.929,400,239,553,391,,,,False
2026-04-24T21:43:23.569946,1,,0.931,398,240,551,391,,,,False
2026-04-24T21:43:23.929831,1,,0.9311,393,244,547,395,,,,False
2026-04-24T21:43:24.220932,1,,0.623,326,483,427,575,,,,False
2026-04-24T21:43:24.611675,1,,0.9301,381,242,539,395,,,,False
2026-04-24T21:43:25.482198,1,,0.9369,351,234,513,394,,,,False
2026-04-24T21:43:25.873193,1,,0.9294,320,229,489,396,,,,False
2026-04-24T21:43:26.459039,1,,0.9235,315,224,488,395,,,,False
2026-04-24T21:43:27.843955,1,,0.921,316,223,489,394,,,,False
2026-04-24T21:43:29.234270,1,,0.9254,312,224,485,395,,,,False
2026-04-24T21:43:30.252105,1,,0.9358,310,223,481,394,,,,False
2026-04-24T21:43:30.615106,1,,0.9406,308,222,475,391,,,,False
2026-04-24T21:43:31.151805,1,,0.9348,293,222,461,391,,,,False
2026-04-24T21:43:32.398577,1,,0.9328,259,225,424,390,,,,False
2026-04-24T21:43:33.143968,1,,0.9428,243,223,409,391,,,,False
2026-04-24T21:43:33.775967,1,,0.9365,237,229,405,396,,,,False
2026-04-24T21:43:35.422635,1,,0.936,244,231,410,397,,,,False
2026-04-24T21:43:38.924135,1,,0.9392,243,229,409,395,,,,False
2026-04-24T21:43:39.370336,1,,0.9419,246,227,412,393,,,,False
2026-04-24T21:43:39.964334,1,,0.9342,249,232,418,397,,,,False
2026-04-24T21:43:40.421808,1,,0.9264,263,239,429,400,,,,False
2026-04-24T21:43:41.435321,1,,0.935,275,237,440,400,,,,False
2026-04-24T21:43:41.880325,1,,0.9316,279,236,446,400,,,,False
2026-04-24T21:43:42.480490,1,,0.9322,281,239,448,401,,,,False
2026-04-24T21:43:45.221659,1,,0.9318,283,240,449,402,,,,False
2026-04-24T21:43:46.025411,1,,0.9265,284,237,450,398,,,,False
2026-04-24T21:43:46.603305,1,,0.9295,282,238,448,399,,,,False
2026-04-24T21:43:46.867312,1,,0.9343,280,241,446,403,,,,False
2026-04-24T21:43:47.255942,1,,0.9385,278,244,443,409,,,,False
2026-04-24T21:43:47.578232,1,,0.9403,276,245,440,408,,,,False
2026-04-24T21:43:48.217235,1,,0.9322,273,244,436,408,,,,False
2026-04-24T21:43:48.502925,1,,0.9353,264,256,431,423,,,,False
2026-04-24T21:43:49.902152,1,,0.839,227,329,399,563,,,,False
2026-04-24T21:44:09.006470,1,,0.8794,151,620,285,717,,,,False
2026-04-24T21:44:09.688983,1,,0.8209,312,338,516,524,,,,False
2026-04-24T21:44:09.771983,1,,0.9257,312,336,516,528,,,,False
2026-04-24T21:44:10.042981,1,,0.9285,297,329,512,536,,,,False
2026-04-24T21:44:10.464980,1,,0.8976,158,623,290,718,,,,False
2026-04-24T21:44:10.664553,1,,0.7044,142,649,287,720,,,,False
2026-04-24T21:44:10.776556,1,,0.923,278,335,506,551,,,,False
2026-04-24T21:44:11.081553,1,,0.5325,293,669,415,719,,,,False
2026-04-24T21:44:11.338556,1,,0.6042,129,661,276,720,,,,False
2026-04-24T21:44:11.509551,1,,0.9339,286,345,517,566,,,,False
2026-04-24T21:44:12.289338,1,,0.9238,298,351,521,571,,,,False
2026-04-24T21:44:12.539337,1,,0.9323,289,359,518,577,,,,False
2026-04-24T21:44:13.897491,1,,0.9343,283,362,512,579,,,,False
2026-04-24T21:44:14.719215,1,,0.9265,272,355,498,573,,,,False
2026-04-24T21:44:15.433215,1,,0.9225,267,354,491,573,,,,False
2026-04-24T21:44:15.750613,1,,0.9336,268,349,488,564,,,,False
2026-04-24T21:44:16.146618,1,,0.9194,266,348,486,561,,,,False
2026-04-24T21:44:16.725301,1,,0.931,253,347,479,562,,,,False
2026-04-24T21:44:16.915300,1,,0.6694,122,667,262,720,,,,False
2026-04-24T21:44:17.379300,1,,0.9232,246,345,482,560,,,,False
2026-04-24T21:44:17.480300,1,,0.5846,107,669,249,720,,,,False
2026-04-24T21:44:18.039102,1,,0.6696,104,666,244,720,,,,False
2026-04-24T21:44:18.861317,1,,0.9194,232,344,454,555,,,,False
2026-04-24T21:44:21.989425,1,,0.9443,211,338,425,545,,,,False
2026-04-24T21:44:22.682418,1,,0.766,73,650,211,720,,,,False
2026-04-24T21:44:22.799420,1,45,0.9296,167,331,382,536,4 7,,,False
2026-04-24T21:44:23.592314,1,,0.7688,34,649,178,720,,,,False
2026-04-24T21:44:24.033460,1,,0.866,55,371,302,573,,,,False
2026-04-24T21:51:49.703461,1,,0.9235,330,292,497,457,,,,False
2026-04-24T21:51:51.351512,1,,0.9296,312,290,490,464,,,,False
2026-04-24T21:51:51.866172,1,,0.8226,349,594,458,711,,,,False
2026-04-24T21:51:53.359286,1,,0.9381,284,271,489,466,,,,False
2026-04-24T21:51:53.809372,1,,0.8891,323,610,449,719,,,,False
2026-04-24T21:51:54.215083,1,,0.6993,187,588,317,715,,,,False
2026-04-24T21:51:55.697078,1,,0.9517,278,252,478,446,,,,False
2026-04-24T21:51:56.097637,1,,0.8588,320,586,442,710,,,,False
2026-04-24T21:51:57.536236,1,,0.9463,289,252,485,444,,,,False
2026-04-24T21:51:57.941282,1,,0.8716,327,580,448,703,,,,False
2026-04-24T21:51:59.397010,1,,0.9478,294,248,482,431,,,,False
2026-04-24T22:08:22.588793,1,,0.8187,262,226,581,542,,,,False
2026-04-24T22:08:24.031366,1,,0.9191,236,231,553,542,,,,False
2026-04-24T22:08:25.728366,1,,0.9105,238,219,551,533,,,,False
2026-04-24T22:08:26.566364,1,,0.9145,239,217,551,531,,,,False
2026-04-24T22:08:27.245636,1,,0.9131,239,216,551,528,,,,False
2026-04-24T22:08:28.285919,1,,0.9129,240,216,551,527,,,,False
2026-04-24T22:08:29.352608,1,,0.9313,247,215,559,523,,,,False
2026-04-24T22:08:30.259842,1,,0.9375,253,207,560,514,,,,False
2026-04-24T22:08:32.073206,1,,0.9383,252,210,560,517,,,,False
2026-04-24T22:08:33.682374,1,,0.9422,253,209,561,516,,,,False
2026-04-24T22:08:34.795845,1,,0.9377,253,205,560,509,,,,False
2026-04-24T22:08:35.435846,1,,0.9366,255,206,561,509,,,,False
2026-04-24T22:08:35.738343,1,,0.9324,257,205,562,507,,,,False
2026-04-24T22:08:36.869231,1,,0.9331,257,204,561,503,,,,False
2026-04-24T22:08:39.947048,1,,0.9292,258,203,562,503,,,,False
2026-04-24T22:08:40.225326,1,,0.9286,256,202,559,501,,,,False
2026-04-24T22:08:41.561052,1,,0.9245,253,202,554,501,,,,False
2026-04-24T22:08:41.835049,1,,0.9003,247,199,548,496,,,,False
2026-04-24T22:08:42.123423,1,,0.5048,172,674,353,720,,,,False
2026-04-24T22:08:42.394423,1,,0.5678,164,669,345,717,,,,False
2026-04-24T22:08:43.064512,1,,0.9086,245,199,546,495,,,,False
2026-04-24T22:08:43.685509,1,,0.6035,161,668,344,718,,,,False
2026-04-24T22:08:43.977524,1,,0.9082,242,196,542,491,,,,False
2026-04-24T22:08:44.593510,1,,0.5061,161,666,343,717,,,,False
2026-04-24T22:08:45.835216,1,,0.9055,243,193,544,491,,,,False
2026-04-24T22:08:46.193440,1,,0.9075,243,192,544,490,,,,False
2026-04-24T22:08:46.500386,1,,0.5351,161,664,343,718,,,,False
2026-04-24T22:08:48.540091,1,,0.9123,242,192,541,489,,,,False
2026-04-24T22:08:49.513425,1,,0.9158,241,189,538,487,,,,False
2026-04-24T22:08:49.828736,1,,0.916,241,189,537,487,,,,False
2026-04-24T22:08:51.330573,1,,0.911,243,186,541,486,,,,False
2026-04-24T22:08:51.713573,1,,0.9101,247,184,545,483,,,,False
2026-04-24T22:08:52.079573,1,,0.5581,363,676,537,716,,,,False
2026-04-24T22:08:52.831347,1,,0.5867,363,674,533,716,,,,False
2026-04-24T22:08:54.150329,1,,0.9033,250,183,548,483,,,,False
2026-04-24T22:08:55.023900,1,,0.6083,366,674,538,716,,,,False
2026-04-24T22:08:56.422587,1,,0.9127,248,186,548,486,,,,False
2026-04-24T22:08:56.913591,1,,0.9109,250,184,546,483,,,,False
2026-04-24T22:08:57.088973,1,,0.5366,367,677,543,716,,,,False
2026-04-24T22:08:57.677969,1,,0.6082,367,676,542,716,,,,False
2026-04-24T22:08:58.946721,1,,0.9075,250,184,545,482,,,,False
2026-04-24T22:08:59.578218,1,,0.5953,367,674,539,716,,,,False
2026-04-24T22:08:59.936858,1,,0.9036,250,182,549,483,,,,False
2026-04-24T22:09:00.713722,1,,0.6456,364,672,532,716,,,,False
2026-04-24T22:09:01.833378,1,,0.9084,246,184,545,482,,,,False
2026-04-24T22:09:02.402042,1,,0.5911,362,671,527,716,,,,False
2026-04-24T22:09:02.880353,1,,0.9081,244,184,545,482,,,,False
2026-04-24T22:09:03.485960,1,,0.5096,356,670,526,716,,,,False
2026-04-24T22:09:03.789962,1,,0.9083,249,183,544,473,,,,False
2026-04-24T22:09:04.487440,1,,0.8505,143,646,336,720,,,,False
2026-04-24T22:09:04.635441,1,,0.9361,257,177,548,460,,,,False
2026-04-24T22:09:05.281442,1,,0.8702,155,634,339,720,,,,False
2026-04-24T22:09:06.156798,1,,0.9312,257,175,546,456,,,,False
2026-04-24T22:09:06.842112,1,,0.893,154,633,339,720,,,,False
2026-04-24T22:09:07.481124,1,,0.5349,357,648,520,720,,,,False
2026-04-24T22:09:07.741651,1,,0.9265,258,172,546,454,,,,False
2026-04-24T22:09:08.543908,1,,0.8721,160,633,341,720,,,,False
2026-04-24T22:09:09.495071,1,,0.9313,258,175,546,457,,,,False
2026-04-24T22:09:09.949428,1,,0.9304,258,175,546,456,,,,False
2026-04-24T22:09:10.304426,1,,0.8203,164,638,348,720,,,,False
2026-04-24T22:09:10.737202,1,,0.8331,166,639,350,720,,,,False
2026-04-24T22:09:11.044200,1,,0.5418,360,647,528,720,,,,False
2026-04-24T22:09:11.420198,1,,0.5953,363,645,529,719,,,,False
2026-04-24T22:09:12.587089,1,,0.9175,256,161,540,443,,,,False
2026-04-24T22:09:13.410078,1,,0.8946,167,628,353,720,,,,False
2026-04-24T22:09:13.522124,1,,0.922,257,156,541,439,,,,False
2026-04-24T22:09:14.263391,1,,0.5871,366,631,530,718,,,,False
2026-04-24T22:09:14.377957,1,,0.8946,168,624,353,720,,,,False
2026-04-24T22:09:15.142532,1,,0.7665,366,626,529,718,,,,False
2026-04-24T22:09:15.397533,1,,0.937,134,587,309,719,,,,False
2026-04-24T22:09:16.158144,1,,0.9076,231,136,517,420,,,,False
2026-04-24T22:09:16.911454,1,,0.9324,136,586,310,719,,,,False
2026-04-24T22:09:16.911454,1,,0.9324,136,586,310,719,,,,False
2026-04-24T22:09:16.958451,1,,0.9037,324,616,487,719,,,,False
2026-04-24T22:09:17.527452,1,,0.9341,134,586,309,719,,,,False
2026-04-24T22:09:17.874576,1,,0.9139,228,129,515,418,,,,False
2026-04-24T22:09:18.437575,1,,0.9098,229,127,512,419,,,,False
2026-04-24T22:09:18.666719,1,,0.9078,323,611,487,717,,,,False
2026-04-24T22:09:19.195776,1,,0.9059,323,612,487,718,,,,False
2026-04-24T22:09:22.674917,1,,0.694,252,235,625,550,,,,False
2026-04-24T22:09:24.266212,1,,0.9097,240,235,554,549,,,,False
2026-04-24T22:09:24.644728,1,,0.9277,142,595,318,720,,,,False
2026-04-24T22:09:25.417475,1,,0.9243,232,234,550,549,,,,False
2026-04-24T22:09:25.706883,1,,0.908,334,619,498,720,,,,False
2026-04-24T22:09:26.782124,1,,0.8907,241,136,525,424,,,,False
2026-04-24T22:09:27.929418,1,,0.92,232,235,551,549,,,,False
2026-04-24T22:09:28.940106,1,,0.9291,228,144,512,426,,,,False
2026-04-24T22:09:29.549267,1,,0.9295,247,213,560,519,,,,False
2026-04-24T22:09:29.689270,1,,0.9189,133,599,304,719,,,,False
2026-04-24T22:09:30.311216,1,,0.8385,324,621,484,719,,,,False
2026-04-24T22:09:31.044923,1,,0.9268,245,216,557,526,,,,False
2026-04-24T22:09:32.479406,1,,0.9368,252,207,561,514,,,,False
2026-04-24T22:09:33.709224,1,,0.9339,163,120,438,397,,,,False
2026-04-24T22:09:34.521736,1,,0.9164,261,587,422,719,,,,False
2026-04-24T22:09:35.378282,1,,0.9112,77,564,247,716,,,,False
2026-04-24T22:09:36.473171,1,,0.9235,180,127,454,401,,,,False
2026-04-24T22:09:38.710795,1,,0.917,277,592,436,719,,,,False
2026-04-24T22:09:39.494901,1,,0.8824,85,568,258,716,,,,False
2026-04-24T22:09:39.611902,1,,0.925,186,130,461,404,,,,False
2026-04-24T22:09:40.378921,1,,0.9131,281,593,438,718,,,,False
2026-04-24T22:09:40.609915,1,,0.9061,213,152,477,412,,,,False
2026-04-24T22:09:41.181076,1,,0.8853,91,570,265,717,,,,False
2026-04-24T22:09:45.103821,1,,0.9211,258,170,544,450,,,,False
2026-04-24T22:09:45.996421,1,,0.8126,168,634,355,720,,,,False
2026-04-24T22:09:45.996421,1,,0.8126,168,634,355,720,,,,False
2026-04-24T22:09:46.022419,1,,0.9393,141,590,314,720,,,,False
2026-04-24T22:09:46.929421,1,,0.9137,232,132,520,419,,,,False
2026-04-24T22:09:47.619419,1,,0.9013,328,616,493,719,,,,False
2026-04-24T22:09:57.759023,1,,0.9283,258,151,543,434,,,,False
2026-04-24T22:09:58.491632,1,,0.9203,169,618,354,717,,,,False
2026-04-24T22:09:59.230616,1,,0.8768,371,620,531,720,,,,False
2026-04-24T22:10:00.186118,1,,0.9349,257,147,546,434,,,,False
2026-04-24T22:10:00.896988,1,,0.9298,168,615,353,718,,,,False
2026-04-24T22:10:01.575975,1,,0.8981,372,620,531,720,,,,False
2026-04-24T22:10:01.698976,1,,0.9334,256,146,546,432,,,,False
2026-04-24T22:10:02.073972,1,,0.9184,251,140,537,426,,,,False
2026-04-24T22:10:02.441974,1,,0.9334,167,614,351,718,,,,False
2026-04-24T22:10:02.837975,1,,0.9349,142,590,316,720,,,,False
2026-04-24T22:10:02.837975,1,,0.9349,142,590,316,720,,,,False
2026-04-24T22:10:02.839974,1,,0.8883,165,601,332,719,,,,False
2026-04-24T22:10:03.128401,1,,0.9021,367,619,531,720,,,,False
2026-04-24T22:10:03.682383,1,,0.9158,330,617,495,718,,,,False
2026-04-24T22:10:04.278613,1,,0.9301,145,591,321,720,,,,False
2026-04-24T22:10:04.472608,1,,0.9049,237,132,524,420,,,,False
2026-04-24T22:10:05.014607,1,,0.9111,333,617,499,720,,,,False
2026-04-24T22:10:05.138920,1,,0.9425,147,595,322,719,,,,False
2026-04-24T22:10:05.915922,1,,0.8993,241,132,529,423,,,,False
2026-04-24T22:10:06.085060,1,,0.8957,241,135,530,426,,,,False
2026-04-24T22:10:06.834501,1,,0.8911,338,620,500,720,,,,False
2026-04-24T22:10:07.827960,1,,0.9403,148,597,323,719,,,,False
2026-04-24T22:10:08.594959,1,,0.91,242,137,532,425,,,,False
2026-04-24T22:10:09.328057,1,,0.9252,151,599,326,719,,,,False
2026-04-24T22:10:09.441057,1,,0.862,338,624,503,720,,,,False
2026-04-24T22:10:09.917114,1,,0.9303,150,596,331,719,,,,False
2026-04-24T22:10:10.251011,1,,0.8961,243,141,534,429,,,,False
2026-04-24T22:10:10.662532,1,,0.8959,246,136,536,426,,,,False
2026-04-24T22:10:10.979532,1,,0.5871,339,625,507,720,,,,False
2026-04-24T22:10:11.416561,1,,0.8849,343,621,510,720,,,,False
2026-04-24T22:10:11.570561,1,,0.9343,157,593,332,719,,,,False
2026-04-24T22:10:12.335991,1,,0.9352,159,589,337,719,,,,False
2026-04-24T22:10:12.335991,1,,0.9352,159,589,337,719,,,,False
2026-04-24T22:10:12.344992,1,,0.9112,345,617,512,720,,,,False
2026-04-24T22:10:13.167049,1,,0.9095,349,614,516,719,,,,False
2026-04-24T22:10:13.279279,1,,0.9083,252,131,541,422,,,,False
2026-04-24T22:10:13.649279,1,,0.9359,157,592,333,719,,,,False
2026-04-24T22:10:14.030279,1,,0.9046,255,127,540,416,,,,False
2026-04-24T22:10:14.398754,1,,0.9191,347,615,515,719,,,,False
2026-04-24T22:10:15.178815,1,,0.9002,253,129,543,420,,,,False
2026-04-24T22:10:16.238471,1,,0.9376,148,594,329,719,,,,False
2026-04-24T22:10:17.166022,1,,0.9097,250,132,533,419,,,,False
2026-04-24T22:10:17.924412,1,,0.9091,343,615,506,719,,,,False
2026-04-24T22:10:20.044905,1,,0.9296,222,148,503,427,,,,False
2026-04-24T22:10:20.481738,1,,0.9474,205,149,481,420,,,,False
2026-04-24T22:10:20.891566,1,,0.9286,122,596,298,719,,,,False
2026-04-24T22:10:21.257905,1,,0.9325,109,589,282,720,,,,False
2026-04-24T22:10:21.612588,1,,0.8563,310,620,472,720,,,,False
2026-04-24T22:10:21.975590,1,,0.8754,296,610,457,718,,,,False
2026-04-24T22:10:23.565884,1,,0.9108,276,594,434,718,,,,False
2026-04-24T22:10:23.921891,1,,0.9122,78,565,250,716,,,,False
2026-04-24T22:10:24.211882,1,,0.887,189,140,464,406,,,,False
2026-04-24T22:10:24.544571,1,,0.9109,176,131,451,399,,,,False
2026-04-24T22:10:24.813573,1,,0.8623,92,569,261,716,,,,False
2026-04-24T22:10:25.120574,1,,0.9068,268,588,425,719,,,,False
2026-04-24T22:11:58.743391,1,,0.9317,234,121,493,382,,,,False
2026-04-24T22:11:59.396299,1,,0.9069,340,558,487,705,,,,False
2026-04-24T22:12:00.093920,1,,0.8765,162,545,318,690,,,,False
2026-04-24T22:12:04.369515,1,,0.8596,109,452,318,655,,,,False
2026-04-24T22:12:05.131499,1,,0.5208,342,477,559,686,,,,False
2026-04-24T22:12:05.888705,1,,0.9199,38,524,312,719,,,,False
2026-04-24T22:12:06.528496,1,,0.8688,348,518,595,719,,,,False
2026-04-24T22:12:06.644533,1,,0.9199,38,524,312,719,,,,False
2026-04-24T22:12:07.292336,1,,0.8688,348,518,595,719,,,,False
2026-04-24T22:12:07.423426,1,,0.9199,38,524,312,719,,,,False
2026-04-24T22:12:07.773039,1,,0.9336,337,559,585,717,,,,False
2026-04-24T22:12:08.067875,1,,0.8688,348,518,595,719,,,,False
2026-04-24T22:12:08.518128,1,,0.9336,337,559,585,717,,,,False
2026-04-24T22:12:08.518128,1,,0.9336,337,559,585,717,,,,False
2026-04-24T22:12:08.633081,1,,0.923,35,525,309,719,,,,False
2026-04-24T22:12:09.492788,1,,0.923,35,525,309,719,,,,False
2026-04-24T22:12:09.613408,1,,0.7878,180,2,607,245,,,,False
2026-04-24T22:12:10.361391,1,,0.7878,180,2,607,245,,,,False
2026-04-24T22:12:10.482372,1,,0.9457,87,79,477,462,,,,False
2026-04-24T22:12:10.788047,1,,0.9446,90,80,477,464,,,,False
2026-04-24T22:12:12.366013,1,,0.9211,107,105,483,483,,,,False
2026-04-24T22:12:13.529874,1,,0.9286,118,110,498,485,,,,False
2026-04-24T22:12:14.062593,1,,0.9284,120,93,501,469,,,,False
2026-04-24T22:12:14.454057,1,,0.9443,117,82,497,455,,,,False
2026-04-24T22:12:14.841341,1,,0.9419,117,75,490,448,,,,False
2026-04-24T22:12:15.343820,1,,0.9473,114,78,486,449,,,,False
2026-04-24T22:12:15.494718,1,,0.5581,310,678,522,718,,,,False
2026-04-24T22:12:16.591596,1,,0.9439,108,76,481,442,,,,False
2026-04-24T22:12:17.060157,1,,0.9381,110,77,480,439,,,,False
2026-04-24T22:12:17.442796,1,,0.6373,302,670,507,716,,,,False
2026-04-24T22:12:17.907254,1,,0.6412,302,668,507,716,,,,False
2026-04-24T22:12:19.253030,1,,0.9359,90,88,447,451,,,,False
2026-04-24T22:12:20.293037,1,,0.929,89,94,442,449,,,,False
2026-04-24T22:12:20.911978,1,,0.5619,287,674,481,716,,,,False
2026-04-24T22:12:51.935497,1,,0.9323,123,610,328,720,,,,False
2026-04-24T22:12:52.798551,1,,0.9183,260,115,571,427,,,,False
2026-04-24T22:12:53.443136,1,,0.8108,340,643,529,719,,,,False
2026-04-24T22:16:23.117408,1,,0.8794,321,303,584,552,,,,False
2026-04-24T22:16:24.584094,1,,0.7646,291,139,551,389,,,,False
2026-04-24T22:16:26.166256,1,,0.865,294,162,552,415,,,,False
2026-04-24T22:16:27.687913,1,,0.8959,309,163,566,414,,,,False
2026-04-24T22:16:29.198754,1,,0.8737,306,174,559,426,,,,False
2026-04-24T22:16:36.362398,1,,0.7396,292,243,537,489,,,,False
2026-04-24T22:16:37.945329,1,,0.6931,292,233,540,482,,,,False
2026-04-24T22:16:40.410893,1,,0.8272,331,204,543,416,,,,False
